,snp,OR,OR_logreg_2.5%,OR_logreg_97.5%
0,5:33952378:G:C_G,1.3039065871394464,0.04309343766882012,0.04784349564235435
3,16:89753436:C:A_A,0.16816349273746645,0.031177111724012718,0.03235549777944402
2,9:21825075:T:C_C,0.1677859485726092,0.02031228042008948,0.02080580228220641
4,4:21889289:T:C_C,0.0661522163843753,0.10977404758050502,0.124324466458407
8,6:22679902:G:C_C,0.050416870565378025,0.11258509976590692,0.12768533155591832
10,autoimmune,0.039339532735235494,0.03174084453033177,0.03282368185973461
1,5:1320247:G:A_A,-0.10050979972822627,0.02608417831317089,0.026710881373069872
7,11:89011046:G:A_A,-0.1912489234703424,0.03090817801273471,0.03170059858051655
6,16:89986144:C:T_T,-0.24383393129232123,0.05230393661214361,0.05445776644124156
5,20:32586748:C:T_T,-0.2738261137819994,0.04562748612370693,0.047191091635379934
9,16:89846677:G:C_C,-0.38930456341264297,0.06042679090550651,0.06274212368299215
